Wavelength (AA)	Flux (erg s-1 cm-2 A-1)
3000.0	2.0146657407680587e-17
3008.008008008008	2.4079323708252368e-17
3016.0160160160162	1.6919018635234072e-17
3024.024024024024	1.922775950367713e-17
3032.032032032032	2.0075411653651387e-17
3040.04004004004	1.4174005119850036e-17
3048.0480480480483	5.525296571585944e-18
3056.056056056056	8.82487016594917e-18
3064.064064064064	7.397656196764855e-18
3072.072072072072	4.099513224020743e-18
3080.0800800800803	4.1202709646626705e-18
3088.088088088088	6.371561261500948e-18
3096.096096096096	9.989481363608789e-18
3104.104104104104	9.586638693415228e-18
3112.1121121121123	7.071556897374792e-18
3120.12012012012	4.6078364976429184e-18
3128.128128128128	2.7240276014167e-18
3136.136136136136	1.680847312723476e-18
3144.1441441441443	2.819403970924946e-18
3152.152152152152	5.9606949761428906e-18
3160.16016016016	1.0145015380553437e-17
3168.168168168168	1.1576512783054838e-17
3176.1761761761763	8.980516500484212e-18
3184.1841841841842	6.909877044624121e-18
3192.192192192192	2.959169192098714e-18
3200.2002002002	3.1051244387899675e-18
3208.2082082082084	7.96730713077193e-18
3216.2162162162163	1.1142430874681263e-17
3224.224224224224	1.0441262304947574e-17
3232.2322322322325	1.4519519659446365e-17
3240.2402402402404	1.7710644149012447e-17
3248.2482482482483	2.253009188513648e-17
3256.256256256256	2.567126563853926e-17
3264.264264264264	2.391382458676434e-17
3272.2722722722724	2.689710628224948e-17
3280.2802802802803	1.8917031614672138e-17
3288.288288288288	2.2168408409164115e-17
3296.2962962962965	1.9983861362093894e-17
3304.3043043043044	1.8085437815221382e-17
3312.3123123123123	2.0142058742678066e-17
3320.32032032032	2.14276542438386e-17
3328.3283283283286	1.2522955879535983e-17
3336.3363363363364	2.2163933368442263e-17
3344.3443443443443	1.2054198130954663e-17
3352.352352352352	2.292233873517667e-17
3360.3603603603606	1.5411129639001405e-17
3368.3683683683685	1.5639889958638764e-17
3376.3763763763764	2.1093025242492365e-17
3384.3843843843842	1.1901547935851027e-17
3392.3923923923926	2.1480371988163117e-17
3400.4004004004005	2.5597729013000175e-17
3408.4084084084084	2.0621284262706124e-17
3416.4164164164163	2.261533888841093e-17
3424.4244244244246	2.0440799469538592e-17
3432.4324324324325	2.2203198370017796e-17
3440.4404404404404	2.531893965884154e-17
3448.4484484484483	2.807687172720434e-17
3456.4564564564566	2.882282484151763e-17
3464.4644644644645	2.0597375624054087e-17
3472.4724724724724	1.5264549713950868e-17
3480.4804804804808	3.003474039025233e-17
3488.4884884884887	3.323351351897837e-17
3496.4964964964965	2.6206985231935382e-17
3504.5045045045044	2.816773374483509e-17
3512.5125125125123	2.6509311424016817e-17
3520.5205205205207	2.5906112321222443e-17
3528.5285285285286	2.831436794665925e-17
3536.5365365365365	2.58743899044427e-17
3544.544544544545	2.2450074317867155e-17
3552.5525525525527	3.354626783692797e-17
3560.5605605605606	2.932092906000133e-17
3568.5685685685685	2.0963327776122824e-17
3576.5765765765764	2.4955917564196818e-17
3584.5845845845847	2.8647019717732196e-17
3592.5925925925926	3.3259863489643573e-17
3600.6006006006005	2.1204494935116273e-17
3608.608608608609	2.9308895194886383e-17
3616.6166166166167	2.2508469001629652e-17
3624.6246246246246	2.351943507910771e-17
3632.6326326326325	3.1158825924342804e-17
3640.6406406406404	3.3355462642166397e-17
3648.6486486486488	4.3320883040634465e-17
3656.6566566566567	4.8075062497008243e-17
3664.664664664665	4.3993405796846117e-17
3672.672672672673	4.036398529529774e-17
3680.680680680681	3.804312346360116e-17
3688.6886886886887	5.205109206912193e-17
3696.6966966966966	4.981238749178277e-17
3704.704704704705	3.593252784896461e-17
3712.712712712713	3.500163543426187e-17
3720.7207207207207	3.9953266853289806e-17
3728.728728728729	4.1109330293621056e-17
3736.736736736737	3.746153862776981e-17
3744.744744744745	4.055895721053296e-17
3752.7527527527527	3.5292429394508644e-17
3760.7607607607606	3.540629066440227e-17
3768.768768768769	2.4335424224829726e-17
3776.776776776777	2.0286874172611215e-17
3784.7847847847847	3.434935883652949e-17
3792.792792792793	3.355350123735663e-17
3800.800800800801	3.2044673908790775e-17
3808.808808808809	4.8141467919980387e-17
3816.8168168168168	3.667258201450042e-17
3824.8248248248246	3.1617039209654224e-17
3832.832832832833	3.909363729020218e-17
3840.840840840841	4.42430109263415e-17
3848.848848848849	4.1358210102950234e-17
3856.856856856857	2.3640881703135012e-17
3864.864864864865	4.144624977029959e-17
3872.872872872873	4.1728325192757264e-17
3880.880880880881	3.5319372272661007e-17
3888.8888888888887	4.088303799489655e-17
3896.896896896897	3.3707848779522906e-17
3904.904904904905	4.912144543601446e-17
3912.9129129129133	3.799491685193831e-17
3920.920920920921	4.6460311380265273e-17
3928.928928928929	5.775487283369812e-17
3936.936936936937	4.075441851410356e-17
3944.944944944945	4.1439993876221587e-17
3952.952952952953	3.501760408028768e-17
3960.960960960961	5.174838801791883e-17
3968.968968968969	4.97906076264454e-17
3976.9769769769773	4.6170789012191425e-17
3984.984984984985	4.1480801615214633e-17
3992.992992992993	3.9113002742117994e-17
4001.001001001001	3.127509166675403e-17
4009.009009009009	3.2880778276566107e-17
4017.017017017017	2.4434456586290774e-17
4025.025025025025	3.865447354396826e-17
4033.0330330330335	4.9013952425687766e-17
4041.0410410410414	3.537220402635712e-17
4049.0490490490492	3.776913566424259e-17
4057.057057057057	3.681019664761874e-17
4065.065065065065	4.854834418300842e-17
4073.073073073073	3.9483726033346036e-17
4081.0810810810813	4.7008372996130045e-17
4089.089089089089	4.022416376650871e-17
4097.0970970970975	5.652863094160848e-17
4105.105105105105	5.69435904153675e-17
4113.113113113113	5.424223448894451e-17
4121.121121121121	4.984911884033429e-17
4129.129129129129	4.5618820145261925e-17
4137.137137137137	5.3465152305865356e-17
4145.145145145145	5.884081225573939e-17
4153.153153153153	4.26359087411504e-17
4161.1611611611615	5.655454095014769e-17
4169.169169169169	3.8627129725813813e-17
4177.177177177177	4.542499752043422e-17
4185.185185185185	3.1143299668595617e-17
4193.193193193193	3.949531883712076e-17
4201.201201201201	3.218492693300071e-17
4209.20920920921	4.6863702394671265e-17
4217.217217217218	4.2089956081854285e-17
4225.225225225226	5.12007851194633e-17
4233.2332332332335	5.954470266149226e-17
4241.241241241241	5.694259361452435e-17
4249.249249249249	4.446166017235715e-17
4257.257257257257	4.355462730509663e-17
4265.265265265265	5.471572018186743e-17
4273.273273273273	4.6862835398624844e-17
4281.281281281281	3.456972039162466e-17
4289.28928928929	2.910533298241776e-17
4297.2972972972975	2.893482994750545e-17
4305.305305305305	3.696636964106406e-17
4313.313313313313	4.465157847275943e-17
4321.321321321321	3.782745289327979e-17
4329.32932932933	4.10313130319872e-17
4337.337337337338	3.90224509437974e-17
4345.345345345346	4.1049297757510996e-17
4353.353353353354	4.000664006102203e-17
4361.361361361362	5.135698965574345e-17
4369.369369369369	5.4368457223071905e-17
4377.377377377377	5.4642979082779807e-17
4385.385385385385	6.426274607033665e-17
4393.393393393393	5.104864228896238e-17
4401.401401401401	3.4619605579402804e-17
4409.40940940941	2.12537132548858e-17
4417.417417417418	4.1222230949068355e-17
4425.425425425426	5.919492339187696e-17
4433.4334334334335	6.13988820499143e-17
4441.441441441441	3.696420483555585e-17
4449.449449449449	2.702888944129107e-17
4457.457457457458	5.947364806877011e-17
4465.465465465466	7.381994545201268e-17
4473.473473473474	7.966471312957121e-17
4481.481481481482	8.148385270587776e-17
4489.48948948949	8.026385389249867e-17
4497.4974974974975	8.836724689276773e-17
4505.505505505505	9.0305968019808e-17
4513.513513513513	8.730600805690304e-17
4521.521521521521	8.011508537153182e-17
4529.529529529529	8.45215650398848e-17
4537.537537537538	8.212716498885918e-17
4545.545545545546	8.329344121086753e-17
4553.553553553554	7.611032530290384e-17
4561.561561561562	8.1916515126746e-17
4569.5695695695695	8.23564750517015e-17
4577.577577577578	9.487620357085692e-17
4585.585585585586	9.820269721953721e-17
4593.593593593594	8.016271743370434e-17
4601.601601601602	8.70307819130486e-17
4609.60960960961	9.284308805901229e-17
4617.617617617618	9.192661940250139e-17
4625.625625625626	8.958902317526095e-17
4633.6336336336335	8.632179383521469e-17
4641.641641641641	8.490331056190582e-17
4649.649649649649	8.567905473203818e-17
4657.657657657658	8.616022360066196e-17
4665.665665665666	9.458673106645864e-17
4673.673673673674	8.560188748000405e-17
4681.681681681682	8.381400761975247e-17
4689.68968968969	8.740746713148952e-17
4697.697697697698	9.015172775200059e-17
4705.705705705706	8.046271112165079e-17
4713.713713713714	9.241531511307967e-17
4721.721721721722	9.314501864345825e-17
4729.72972972973	9.365256619650204e-17
4737.737737737738	7.463414212366111e-17
4745.745745745746	8.997081707445767e-17
4753.753753753754	9.880949466552454e-17
4761.761761761762	9.143480471016848e-17
4769.7697697697695	8.892628789891193e-17
4777.777777777777	9.777301114283276e-17
4785.785785785786	8.322073966984835e-17
4793.793793793794	9.109784210695986e-17
4801.801801801802	9.123002309111242e-17
4809.80980980981	8.476831518074889e-17
4817.817817817818	7.318002775202954e-17
4825.8258258258265	6.350393153898819e-17
4833.833833833834	9.003121546392635e-17
4841.841841841842	1.0933168849422641e-16
4849.84984984985	9.90679444151106e-17
4857.857857857858	1.1172280235979184e-16
4865.865865865866	9.72291995769084e-17
4873.873873873874	1.1068792901850236e-16
4881.881881881882	1.0924388208484841e-16
4889.88988988989	1.1989577003467848e-16
4897.897897897898	1.1093060963028341e-16
4905.905905905906	1.04190195837469e-16
4913.913913913914	8.804748870393477e-17
4921.921921921922	1.050605460020342e-16
4929.92992992993	1.106650428715922e-16
4937.937937937938	9.953310017640666e-17
4945.945945945946	1.134010282336564e-16
4953.953953953955	1.176927003699969e-16
4961.9619619619625	1.1566322379799573e-16
4969.96996996997	1.134654959947342e-16
4977.977977977978	1.200740460265403e-16
4985.985985985986	1.2508182351986661e-16
4993.993993993994	1.077160691505915e-16
5002.002002002002	1.130295839299592e-16
5010.01001001001	1.2423291410893819e-16
5018.018018018018	1.309487818563094e-16
5026.026026026026	1.2969526840065394e-16
5034.034034034034	1.2497877099174707e-16
5042.042042042042	1.3197665008620323e-16
5050.05005005005	1.4347531733797033e-16
5058.058058058058	1.3669113919078385e-16
5066.066066066067	1.3502688867738492e-16
5074.074074074075	1.1663779590684677e-16
5082.082082082083	1.222909168291237e-16
5090.090090090091	1.3153020696458275e-16
5098.0980980980985	1.2814057414163667e-16
5106.106106106106	1.3428336151151907e-16
5114.114114114114	1.375399648692083e-16
5122.122122122122	1.383318447139392e-16
5130.13013013013	1.3527465396818732e-16
5138.138138138138	1.3213393274521738e-16
5146.146146146146	1.340407847089512e-16
5154.154154154154	1.309766953566761e-16
5162.1621621621625	1.3863683682899725e-16
5170.17017017017	1.4403685858427084e-16
5178.178178178178	1.4481518300320452e-16
5186.186186186186	1.4403083858695982e-16
5194.194194194195	1.3787347487070622e-16
5202.202202202203	1.3188233996669748e-16
5210.210210210211	1.294535007921246e-16
5218.218218218219	1.3864258887209986e-16
5226.226226226227	1.340158059106914e-16
5234.2342342342345	1.294773928601242e-16
5242.242242242242	1.3535267815906514e-16
5250.25025025025	1.3481760189158874e-16
5258.258258258258	1.3586620426239008e-16
5266.266266266266	1.3153766554197684e-16
5274.274274274274	1.2968006262789038e-16
5282.282282282282	1.3579500066306184e-16
5290.290290290291	1.4628200757744658e-16
5298.2982982982985	1.358626795821232e-16
5306.306306306306	1.371222248956769e-16
5314.314314314315	1.4284294360327548e-16
5322.322322322323	1.44925147863721e-16
5330.330330330331	1.4007374200457316e-16
5338.338338338339	1.3431345067598398e-16
5346.346346346347	1.3957380232767863e-16
5354.354354354355	1.4506818670351832e-16
5362.362362362363	1.379795361998086e-16
5370.37037037037	1.4446435741765605e-16
5378.378378378378	1.4629574902179858e-16
5386.386386386386	1.4398874021214435e-16
5394.394394394394	1.4706584224306736e-16
5402.402402402402	1.4828289766723303e-16
5410.410410410411	1.429824855203041e-16
5418.418418418419	1.4298886116190908e-16
5426.426426426427	1.4159638528062838e-16
5434.4344344344345	1.4339275864855677e-16
5442.442442442443	1.301683648725438e-16
5450.450450450451	1.2316060816673513e-16
5458.458458458459	1.2977985572105186e-16
5466.466466466467	1.3958977826061173e-16
5474.474474474475	1.3470454360827753e-16
5482.482482482483	1.3850763587811025e-16
5490.490490490491	1.5039169257709822e-16
5498.4984984984985	1.4589057667392548e-16
5506.506506506506	1.4257114230138386e-16
5514.514514514514	1.3006424301823442e-16
5522.522522522522	1.4692365021143978e-16
5530.53053053053	1.4160565088352953e-16
5538.538538538539	1.457971622002276e-16
5546.546546546547	1.5381853405140972e-16
5554.554554554555	1.3987607174287767e-16
5562.562562562563	1.440004791856462e-16
5570.570570570571	1.4547176628801684e-16
5578.578578578579	1.4070081671977574e-16
5586.586586586587	1.3302711931962035e-16
5594.594594594595	1.4142474326822783e-16
5602.602602602603	1.363181489474388e-16
5610.610610610611	1.2955510770043543e-16
5618.618618618619	1.2719748527474668e-16
5626.626626626627	1.309209212072781e-16
5634.6346346346345	1.3823318160268307e-16
5642.642642642642	1.3754260965359935e-16
5650.65065065065	1.3046388939458958e-16
5658.658658658659	1.3764558999856275e-16
5666.666666666667	1.4551133857537854e-16
5674.674674674675	1.4138239842179963e-16
5682.682682682683	1.3679259506095506e-16
5690.690690690692	1.311510279503496e-16
5698.698698698699	1.3437020169098295e-16
5706.706706706707	1.4234170097967625e-16
5714.714714714715	1.3404550959508147e-16
5722.722722722723	1.328326697192233e-16
5730.730730730731	1.3911530009167048e-16
5738.738738738739	1.3661698151516585e-16
5746.746746746747	1.2903885877014759e-16
5754.754754754755	1.3438730409037072e-16
5762.762762762763	1.2955939583985084e-16
5770.7707707707705	1.2853788429480953e-16
5778.778778778778	1.362049924369465e-16
5786.786786786787	1.219010977289938e-16
5794.794794794795	1.0120634358055363e-16
5802.802802802803	1.1788456680472965e-16
5810.810810810811	1.15157900694193e-16
5818.81881881882	1.2968505861596708e-16
5826.8268268268275	1.3590800528796486e-16
5834.834834834835	1.213763540016754e-16
5842.842842842843	1.3641106000003048e-16
5850.850850850851	1.4057221444000707e-16
5858.858858858859	1.3252394689101238e-16
5866.866866866867	1.4382992866058562e-16
5874.874874874875	1.4988274396415193e-16
5882.882882882883	1.401911900298425e-16
5890.890890890891	1.4552685494061898e-16
5898.898898898899	1.2584419032114614e-16
5906.906906906907	1.2390439176780216e-16
5914.914914914915	1.4431987381375933e-16
5922.922922922923	1.5028046635750948e-16
5930.930930930931	1.5448783370068194e-16
5938.93893893894	1.441121134781688e-16
5946.946946946948	1.5820366754984567e-16
5954.954954954956	1.5757089526845802e-16
5962.9629629629635	1.4857965462519192e-16
5970.970970970971	1.3487887969501367e-16
5978.978978978979	1.496731818304406e-16
5986.986986986987	1.472038953259912e-16
5994.994994994995	1.5253117332691284e-16
6003.003003003003	1.633069000642383e-16
6011.011011011011	1.5425370813422932e-16
6019.019019019019	1.4537223669638076e-16
6027.027027027027	1.5651789305980174e-16
6035.035035035035	1.5460622557868142e-16
6043.043043043043	1.452004745933416e-16
6051.051051051051	1.4313793058153923e-16
6059.059059059059	1.3765449338439998e-16
6067.067067067068	1.5126756189375286e-16
6075.075075075076	1.5420031200511737e-16
6083.083083083084	1.4856271716644636e-16
6091.091091091092	1.4765676439574261e-16
6099.0990990990995	1.5593764415713644e-16
6107.107107107107	1.4932016548607176e-16
6115.115115115115	1.4922569981705524e-16
6123.123123123123	1.5117145097434898e-16
6131.131131131131	1.4911315855373576e-16
6139.139139139139	1.4388501889138243e-16
6147.147147147147	1.5061034054546577e-16
6155.155155155156	1.521415550818504e-16
6163.1631631631635	1.5143906456234455e-16
6171.171171171171	1.4875505173904956e-16
6179.179179179179	1.4767668746520556e-16
6187.187187187188	1.554575323509674e-16
6195.195195195196	1.50557838972548e-16
6203.203203203204	1.5306573718464602e-16
6211.211211211212	1.5634761147459728e-16
6219.21921921922	1.5853865745303759e-16
6227.227227227228	1.5580148654560555e-16
6235.235235235235	1.512434659944996e-16
6243.243243243243	1.506976554518194e-16
6251.251251251251	1.5470506139263382e-16
6259.259259259259	1.4507831468830404e-16
6267.267267267267	1.4453740808550713e-16
6275.275275275275	1.4756328482529564e-16
6283.283283283284	1.5648426462818641e-16
6291.291291291292	1.5204713046753123e-16
6299.2992992992995	1.489735151945026e-16
6307.307307307307	1.5268548369259202e-16
6315.315315315316	1.5322457348321764e-16
6323.323323323324	1.5109116806246115e-16
6331.331331331332	1.5377136160733704e-16
6339.33933933934	1.480889013326859e-16
6347.347347347348	1.497965490433433e-16
6355.355355355356	1.5593905960323984e-16
6363.3633633633635	1.5702551768544298e-16
6371.371371371371	1.5260239796382193e-16
6379.379379379379	1.5630810873978316e-16
6387.387387387387	1.509799009993407e-16
6395.395395395395	1.4528204872725758e-16
6403.403403403404	1.5092230385525579e-16
6411.411411411412	1.6009818270952923e-16
6419.41941941942	1.5861131581492414e-16
6427.427427427428	1.5960174130432654e-16
6435.435435435436	1.5936933316352167e-16
6443.443443443444	1.5716423000262654e-16
6451.451451451452	1.564237825784866e-16
6459.45945945946	1.5833434526233585e-16
6467.467467467468	1.6046522248616774e-16
6475.475475475476	1.5354574457259546e-16
6483.483483483484	1.4802763149505458e-16
6491.491491491492	1.5683475522151637e-16
6499.4994994994995	1.611203771985607e-16
6507.507507507507	1.5993436509195795e-16
6515.515515515515	1.6010030347846606e-16
6523.523523523523	1.6328645964918183e-16
6531.531531531532	1.6386671573980651e-16
6539.53953953954	1.6259656699383368e-16
6547.547547547548	1.6323996509223744e-16
6555.555555555556	1.5841699851592176e-16
6563.5635635635645	1.527500267259388e-16
6571.571571571572	1.5590793326725248e-16
6579.57957957958	1.5990642300838555e-16
6587.587587587588	1.5645024866735236e-16
6595.595595595596	1.4040010867420418e-16
6603.603603603604	1.2059684484398905e-16
6611.611611611612	1.4165199957621535e-16
6619.61961961962	1.5532530255528922e-16
6627.627627627628	1.538804426527338e-16
6635.6356356356355	1.5585497511183205e-16
6643.643643643643	1.5633899612630733e-16
6651.651651651652	1.5638631611375737e-16
6659.65965965966	1.5677574425401828e-16
6667.667667667668	1.5532635731213314e-16
6675.675675675676	1.5640847870045215e-16
6683.683683683685	1.5959739307120525e-16
6691.6916916916925	1.6011437443735613e-16
6699.6996996997	1.5602210142264572e-16
6707.707707707708	1.5456584547129176e-16
6715.715715715716	1.5828892078246182e-16
6723.723723723724	1.5603675087743548e-16
6731.731731731732	1.5415888997095158e-16
6739.73973973974	1.5422952398437238e-16
6747.747747747748	1.5320496921299802e-16
6755.755755755756	1.592947802980912e-16
6763.763763763764	1.620082150469779e-16
6771.7717717717715	1.6213878467829e-16
6779.77977977978	1.6269885735277222e-16
6787.787787787788	1.5928392161033937e-16
6795.795795795796	1.5817451264000244e-16
6803.803803803804	1.6318605673413132e-16
6811.811811811813	1.5897930402574391e-16
6819.819819819821	1.5651802997374985e-16
6827.8278278278285	1.5605482398280388e-16
6835.835835835836	1.5494029864579537e-16
6843.843843843844	1.5637582084742488e-16
6851.851851851852	1.5892293847735255e-16
6859.85985985986	1.5410618713793188e-16
6867.867867867868	1.5588513184771906e-16
6875.875875875876	1.5085336513709972e-16
6883.883883883884	1.5503120369810593e-16
6891.891891891892	1.5653250192502245e-16
6899.8998998999	1.502518761067909e-16
6907.907907907908	1.4264295578049407e-16
6915.915915915916	1.468982401442356e-16
6923.923923923924	1.5400863122590248e-16
6931.931931931933	1.5185881521046763e-16
6939.939939939941	1.4860428439819372e-16
6947.947947947949	1.5364820552170046e-16
6955.955955955957	1.5433684763956363e-16
6963.9639639639645	1.462535684641822e-16
6971.971971971972	1.464697330696279e-16
6979.97997997998	1.4632942708562873e-16
6987.987987987988	1.4770324456742122e-16
6995.995995995996	1.4483236579663057e-16
7004.004004004004	1.449561911152298e-16
7012.012012012012	1.4090216762452683e-16
7020.02002002002	1.4789186434767239e-16
7028.0280280280285	1.5008603553272459e-16
7036.036036036036	1.50439745938468e-16
7044.044044044044	1.5275660287855908e-16
7052.052052052052	1.5139693149905413e-16
7060.060060060061	1.476800307515499e-16
7068.068068068069	1.5140445737109593e-16
7076.076076076077	1.4892524678731382e-16
7084.084084084085	1.4931234208201374e-16
7092.092092092093	1.5338340566128612e-16
7100.1001001001005	1.498761327134353e-16
7108.108108108108	1.5034562598543705e-16
7116.116116116116	1.522423465092461e-16
7124.124124124124	1.4637025725261098e-16
7132.132132132133	1.4646434024453958e-16
7140.140140140141	1.5439281212866583e-16
7148.148148148149	1.547599703226333e-16
7156.156156156157	1.5477544781383015e-16
7164.1641641641645	1.5143947857557868e-16
7172.172172172172	1.51986412936742e-16
7180.18018018018	1.5296231287339518e-16
7188.188188188188	1.5140846152429087e-16
7196.196196196197	1.523755904553537e-16
7204.204204204205	1.533150822070615e-16
7212.212212212213	1.528611083700067e-16
7220.220220220221	1.561336582501517e-16
7228.2282282282285	1.5151270542549222e-16
7236.236236236236	1.5404501080592007e-16
7244.244244244244	1.5317706918348204e-16
7252.252252252252	1.5469387770225213e-16
7260.260260260261	1.5360326380605308e-16
7268.268268268269	1.5161966893729574e-16
7276.276276276277	1.4281599633809047e-16
7284.284284284285	1.4386767439311405e-16
7292.292292292293	1.5286323731176745e-16
7300.3003003003005	1.5223711851948827e-16
7308.308308308308	1.5284955070979487e-16
7316.316316316316	1.533333165394756e-16
7324.324324324325	1.5382954018943088e-16
7332.332332332333	1.5216858022223743e-16
7340.340340340341	1.4804789674497597e-16
7348.348348348349	1.393402921893099e-16
7356.356356356357	1.340813242458874e-16
7364.3643643643645	1.4385269288516328e-16
7372.372372372372	1.4820881944601963e-16
7380.380380380381	1.5060529236867646e-16
7388.388388388389	1.47288285393749e-16
7396.396396396397	1.4949711101241976e-16
7404.404404404405	1.4889043124857683e-16
7412.412412412413	1.5100706079327017e-16
7420.420420420421	1.5141466513073738e-16
7428.428428428429	1.4835132993691042e-16
7436.436436436436	1.4710576586703942e-16
7444.444444444445	1.4755110145482717e-16
7452.452452452453	1.4908214131494698e-16
7460.460460460461	1.4843821062173957e-16
7468.468468468469	1.4543972934452468e-16
7476.476476476477	1.4815046996282356e-16
7484.484484484485	1.4636214893439851e-16
7492.492492492493	1.4908544005983363e-16
7500.5005005005005	1.4825193883657737e-16
7508.508508508509	1.468576093281987e-16
7516.516516516517	1.4643280550842212e-16
7524.524524524525	1.4285375100471153e-16
7532.532532532533	1.4527231754725205e-16
7540.540540540541	1.4727388178399845e-16
7548.548548548549	1.4641284694523988e-16
7556.556556556557	1.4478884883615576e-16
7564.5645645645645	1.4405792960145884e-16
7572.572572572573	1.4709463155255214e-16
7580.580580580581	1.4671310262407952e-16
7588.588588588589	1.4603818541249811e-16
7596.596596596597	1.4769517989232228e-16
7604.604604604605	1.4510423930580049e-16
7612.612612612613	1.4624144930239777e-16
7620.620620620621	1.468456580770893e-16
7628.6286286286295	1.4680122544725846e-16
7636.636636636637	1.4653757207108494e-16
7644.644644644645	1.478707966655943e-16
7652.652652652653	1.4720050142204873e-16
7660.660660660661	1.4587505708666562e-16
7668.668668668669	1.4391796818658718e-16
7676.676676676677	1.46047390413652e-16
7684.684684684685	1.4356110578838368e-16
7692.6926926926935	1.4391809036777026e-16
7700.700700700701	1.4402808643895572e-16
7708.708708708709	1.4497186615857736e-16
7716.716716716717	1.4604001086950108e-16
7724.724724724725	1.485013999249541e-16
7732.732732732733	1.4859195014791767e-16
7740.740740740741	1.4857434676304658e-16
7748.748748748749	1.4676998580288492e-16
7756.756756756758	1.4623032319787717e-16
7764.7647647647655	1.457796997315032e-16
7772.772772772773	1.468031068057387e-16
7780.780780780781	1.457548919998809e-16
7788.788788788789	1.4552682911449922e-16
7796.796796796797	1.4708964637544508e-16
7804.804804804805	1.4884870212279512e-16
7812.812812812813	1.47663354848108e-16
7820.820820820822	1.4429389554645999e-16
7828.8288288288295	1.4863133665225797e-16
7836.836836836837	1.4876256989428308e-16
7844.844844844845	1.4690408365412787e-16
7852.852852852853	1.4538650851452336e-16
7860.860860860861	1.4385677038503606e-16
7868.868868868869	1.4530563899336555e-16
7876.876876876878	1.4648604536795287e-16
7884.884884884886	1.4758332556287222e-16
7892.8928928928935	1.5082483254377958e-16
7900.900900900901	1.4929214744145357e-16
7908.908908908909	1.4356761668467044e-16
7916.916916916917	1.4115053284802195e-16
7924.924924924925	1.424062846951031e-16
7932.932932932933	1.4372695993205948e-16
7940.940940940942	1.3791741463449987e-16
7948.94894894895	1.3553740927278061e-16
7956.956956956958	1.3771804254291552e-16
7964.9649649649655	1.3760560613420622e-16
7972.972972972973	1.3799831982554142e-16
7980.980980980981	1.3749378241766023e-16
7988.988988988989	1.3638125460362434e-16
7996.996996996997	1.3789841486126951e-16
8005.005005005006	1.3870640198505154e-16
8013.013013013014	1.3969549311868604e-16
8021.021021021022	1.4140079211472329e-16
8029.0290290290295	1.3881691924855168e-16
8037.037037037037	1.4081507812729355e-16
8045.045045045045	1.3982659779160442e-16
8053.053053053053	1.3734223926342124e-16
8061.061061061061	1.3664833605612507e-16
8069.06906906907	1.39467343268818e-16
8077.077077077078	1.390621446280024e-16
8085.085085085086	1.41281908497757e-16
8093.093093093094	1.43312007413293e-16
8101.101101101101	1.449202351240161e-16
8109.109109109109	1.4459762320106602e-16
8117.117117117117	1.4312250037269188e-16
8125.125125125125	1.4335139765895113e-16
8133.133133133134	1.4433248878271824e-16
8141.141141141142	1.4523394027402817e-16
8149.14914914915	1.46627103321803e-16
8157.157157157158	1.446020610413614e-16
8165.1651651651655	1.4132040993412617e-16
8173.173173173173	1.4226497101901496e-16
8181.181181181181	1.4618771028277215e-16
8189.18918918919	1.4654516136306112e-16
8197.197197197198	1.4605762168486922e-16
8205.205205205206	1.4555678379082035e-16
8213.213213213214	1.4594128150133478e-16
8221.221221221222	1.48986094692878e-16
8229.22922922923	1.4950699438935632e-16
8237.237237237237	1.4878934535251723e-16
8245.245245245245	1.487725293924799e-16
8253.253253253253	1.5147441365055446e-16
8261.261261261261	1.555493129783739e-16
8269.269269269269	1.553391116517713e-16
8277.277277277277	1.516417079795064e-16
8285.285285285285	1.532743460928249e-16
8293.293293293293	1.5516146631462225e-16
8301.3013013013	1.5380429356014435e-16
8309.309309309308	1.5178002989125303e-16
8317.317317317318	1.532543509948705e-16
8325.325325325326	1.562528240729206e-16
8333.333333333334	1.562093604681236e-16
8341.341341341342	1.5473563135252206e-16
8349.34934934935	1.5724016801231175e-16
8357.357357357358	1.561332190145149e-16
8365.365365365366	1.5598927579059e-16
8373.373373373373	1.563500842764424e-16
8381.381381381383	1.567825685418629e-16
8389.389389389391	1.5677346634614291e-16
8397.397397397399	1.5447489512407693e-16
8405.405405405407	1.5699053193433771e-16
8413.413413413415	1.5644879043409409e-16
8421.421421421423	1.5871508469222916e-16
8429.42942942943	1.5873473538612917e-16
8437.437437437438	1.5894395922697794e-16
8445.445445445446	1.6047401094062287e-16
8453.453453453454	1.5983592564923434e-16
8461.461461461462	1.580950256717573e-16
8469.46946946947	1.5683107699416166e-16
8477.477477477478	1.5631128263346583e-16
8485.485485485486	1.5588944429973163e-16
8493.493493493494	1.563564307257156e-16
8501.501501501501	1.5383424861516725e-16
8509.50950950951	1.5317650751907786e-16
8517.517517517517	1.531015814837768e-16
8525.525525525525	1.517359442361541e-16
8533.533533533533	1.5171170686409313e-16
8541.541541541541	1.5126882322597349e-16
8549.549549549549	1.5235408494678793e-16
8557.557557557557	1.5129771574261976e-16
8565.565565565566	1.509334366676179e-16
8573.573573573574	1.5013759506835554e-16
8581.581581581582	1.4506558368824887e-16
8589.58958958959	1.3984732715543459e-16
8597.597597597598	1.4321411837871237e-16
8605.605605605606	1.475863224837908e-16
8613.613613613614	1.4747632286610096e-16
8621.621621621622	1.456063488176562e-16
8629.629629629631	1.4222973817816155e-16
8637.63763763764	1.4391162352803923e-16
8645.645645645647	1.442145179159036e-16
8653.653653653655	1.446532521236225e-16
8661.661661661663	1.4465248027279216e-16
8669.66966966967	1.457891976754284e-16
8677.677677677679	1.4181857357341902e-16
8685.685685685687	1.4073149119312061e-16
8693.693693693695	1.436954531928296e-16
8701.701701701702	1.4464866401328313e-16
8709.70970970971	1.440925710442003e-16
8717.717717717718	1.431651411240701e-16
8725.725725725726	1.4258984250675153e-16
8733.733733733734	1.4319254526005012e-16
8741.741741741742	1.4377437784486878e-16
8749.74974974975	1.450094255794629e-16
8757.757757757758	1.4709391434253014e-16
8765.765765765766	1.4741375507140175e-16
8773.773773773773	1.4383797431829518e-16
8781.781781781781	1.43356977109352e-16
8789.78978978979	1.461266021642913e-16
8797.797797797797	1.4612039646257661e-16
8805.805805805805	1.472840102231393e-16
8813.813813813815	1.4728825325510608e-16
8821.821821821823	1.4539524261453602e-16
8829.82982982983	1.451954940397338e-16
8837.837837837838	1.4582044069105432e-16
8845.845845845846	1.4374880188406025e-16
8853.853853853854	1.4342182695266623e-16
8861.861861861862	1.4200765163344603e-16
8869.86986986987	1.3918991794237206e-16
8877.87787787788	1.4040623798038854e-16
8885.885885885888	1.4069724986955088e-16
8893.893893893895	1.390948427771872e-16
8901.901901901903	1.3799867081880833e-16
8909.909909909911	1.407730591331925e-16
8917.91791791792	1.421273886561699e-16
8925.925925925927	1.431895019303571e-16
8933.933933933935	1.4443852069176628e-16
8941.941941941943	1.440598757675642e-16
8949.94994994995	1.4386006755892505e-16
8957.957957957959	1.4246500404069612e-16
8965.965965965966	1.4252942902356054e-16
8973.973973973974	1.4509110839999448e-16
8981.981981981982	1.4696580612852606e-16
8989.98998998999	1.4488439225524096e-16
8997.997997997998	1.4522495951256372e-16
9006.006006006006	1.4867084530808818e-16
9014.014014014014	1.461842783709361e-16
9022.022022022022	1.465693885272894e-16
9030.03003003003	1.4886807781566167e-16
9038.038038038037	1.4683252843637003e-16
9046.046046046045	1.440723923482296e-16
9054.054054054053	1.445260301859768e-16
9062.062062062063	1.4313821146792686e-16
9070.07007007007	1.4130519468400185e-16
9078.078078078079	1.436838125548257e-16
9086.086086086087	1.4555949452335965e-16
9094.094094094095	1.4521307763331134e-16
9102.102102102102	1.4633362586037346e-16
9110.11011011011	1.4570683997312818e-16
9118.118118118118	1.451549366974204e-16
9126.126126126128	1.4402844113389965e-16
9134.134134134136	1.4329568504323832e-16
9142.142142142144	1.419360844101264e-16
9150.150150150152	1.4054269469870298e-16
9158.15815815816	1.4290991047772953e-16
9166.166166166167	1.4038982026974382e-16
9174.174174174175	1.394937935420508e-16
9182.182182182183	1.389798573024493e-16
9190.190190190191	1.408221373221785e-16
9198.198198198199	1.445650077167185e-16
9206.206206206207	1.4452279036511113e-16
9214.214214214215	1.4007541965626686e-16
9222.222222222223	1.3614592437274188e-16
9230.23023023023	1.4312253996225952e-16
9238.238238238238	1.4845091537808738e-16
9246.246246246246	1.4747984782881474e-16
9254.254254254254	1.4650108704686295e-16
9262.262262262262	1.4862883051400875e-16
9270.27027027027	1.4460500116299287e-16
9278.278278278278	1.4220401538896112e-16
9286.286286286286	1.417244809786893e-16
9294.294294294294	1.41017273300295e-16
9302.302302302302	1.4047405178063025e-16
9310.310310310311	1.3961869298500542e-16
9318.31831831832	1.4092671338596707e-16
9326.326326326327	1.405240155982565e-16
9334.334334334335	1.3871877731141192e-16
9342.342342342343	1.394015425058991e-16
9350.35035035035	1.4109739671748562e-16
9358.358358358359	1.421619491214587e-16
9366.366366366366	1.4312020259202125e-16
9374.374374374376	1.4260426399364202e-16
9382.382382382384	1.419849463056705e-16
9390.390390390392	1.3759836642418468e-16
9398.3983983984	1.366423265498171e-16
9406.406406406408	1.4061683426106618e-16
9414.414414414416	1.428167607367888e-16
9422.422422422424	1.423429003777452e-16
9430.430430430431	1.414948647044279e-16
9438.43843843844	1.4052616843593136e-16
9446.446446446447	1.3930743594223224e-16
9454.454454454455	1.361547525497417e-16
9462.462462462463	1.3594005328654393e-16
9470.47047047047	1.3718058796451738e-16
9478.478478478479	1.3730298576804645e-16
9486.486486486487	1.353572121474121e-16
9494.494494494495	1.3630612026791826e-16
9502.502502502502	1.3830382635058613e-16
9510.51051051051	1.375289422029781e-16
9518.518518518518	1.2782587668417655e-16
9526.526526526526	1.2632044626177118e-16
9534.534534534534	1.339103351782522e-16
9542.542542542542	1.3339302010705595e-16
9550.55055055055	1.3463180834230697e-16
9558.55855855856	1.3248652225923358e-16
9566.566566566567	1.168572247760626e-16
9574.574574574575	1.0846879063513394e-16
9582.582582582583	1.2691938927167065e-16
9590.590590590591	1.3568103745719794e-16
9598.598598598599	1.3751086390318745e-16
9606.606606606607	1.374150928006386e-16
9614.614614614615	1.369460662839236e-16
9622.622622622624	1.3697468312983718e-16
9630.630630630632	1.3645823411538154e-16
9638.63863863864	1.3618506874648415e-16
9646.646646646648	1.3555271537644978e-16
9654.654654654656	1.357450948005109e-16
9662.662662662664	1.3744430669509118e-16
9670.670670670672	1.382020878697488e-16
9678.67867867868	1.3817676745452552e-16
9686.686686686688	1.3661939019601722e-16
9694.694694694695	1.3136761572879592e-16
9702.702702702703	1.1748870305121633e-16
9710.710710710711	1.1442737194495825e-16
9718.71871871872	1.2843525582353099e-16
9726.726726726727	1.3195834355904212e-16
9734.734734734735	1.3094728556068578e-16
9742.742742742743	1.3209307405221444e-16
9750.75075075075	1.3451219936272943e-16
9758.758758758759	1.360642520082925e-16
9766.766766766767	1.3782859598784197e-16
9774.774774774774	1.3908461573252013e-16
9782.782782782782	1.3785027974265702e-16
9790.79079079079	1.3704915700867688e-16
9798.798798798798	1.3696252725805947e-16
9806.806806806808	1.3639297843173522e-16
9814.814814814816	1.3678805487175144e-16
9822.822822822824	1.3816112530303387e-16
9830.830830830831	1.3931138641692685e-16
9838.83883883884	1.4017721868304494e-16
9846.846846846847	1.4090300530930236e-16
9854.854854854855	1.4067155701411672e-16
9862.862862862863	1.3974125687787626e-16
9870.870870870873	1.3888634945006043e-16
9878.87887887888	1.3876554582898476e-16
9886.886886886889	1.3911102443773635e-16
9894.894894894896	1.3932543284031523e-16
9902.902902902904	1.3915640648653127e-16
9910.910910910912	1.3866288594026022e-16
9918.91891891892	1.376880733298961e-16
9926.926926926928	1.3580174778062377e-16
9934.934934934936	1.336894008978012e-16
9942.942942942944	1.326192847692483e-16
9950.950950950952	1.3269701859108756e-16
9958.95895895896	1.3308874725250868e-16
9966.966966966967	1.3359340105629466e-16
9974.974974974975	1.3421663746978313e-16
9982.982982982983	1.3459765162997641e-16
9990.990990990991	1.3431231178953137e-16
9998.998998998999	1.3363374306943777e-16
10007.007007007007	1.3310542223178881e-16
10015.015015015015	1.3307252674442242e-16
10023.023023023023	1.3326922461888028e-16
10031.03103103103	1.3351142739862897e-16
10039.039039039038	1.3372681687644198e-16
10047.047047047046	1.3392716086706922e-16
10055.055055055056	1.3404209878697383e-16
10063.063063063064	1.3404176348044947e-16
10071.071071071072	1.3389458778786173e-16
10079.07907907908	1.3323606845085634e-16
10087.087087087088	1.3216731339442686e-16
10095.095095095096	1.315936225084869e-16
10103.103103103103	1.3243351032507476e-16
10111.111111111111	1.3457309038039688e-16
10119.119119119121	1.364576106911391e-16
10127.127127127129	1.3831522854692407e-16
10135.135135135137	1.3994347238559865e-16
10143.143143143145	1.4105522023016993e-16
10151.151151151153	1.414158341810675e-16
10159.15915915916	1.4141950380212226e-16
10167.167167167168	1.411016080379008e-16
10175.175175175176	1.4048152064787392e-16
10183.183183183184	1.3990720179543643e-16
10191.191191191192	1.400958285269698e-16
10199.1991991992	1.4084469830509505e-16
10207.207207207208	1.41829863934214e-16
10215.215215215216	1.4266053102913237e-16
10223.223223223224	1.435811838517621e-16
10231.231231231232	1.4413869928608726e-16
10239.23923923924	1.4413759282583966e-16
10247.247247247247	1.438484337143744e-16
10255.255255255255	1.4361708515132064e-16
10263.263263263263	1.434818555239052e-16
10271.271271271271	1.4343725301332135e-16
10279.279279279279	1.4364832820158359e-16
10287.287287287287	1.4408869533236475e-16
10295.295295295295	1.443964894539903e-16
10303.303303303304	1.4353196888133686e-16
10311.311311311312	1.4173448906821396e-16
10319.31931931932	1.3982450460271989e-16
10327.327327327328	1.382291417784895e-16
10335.335335335336	1.3664411570964126e-16
10343.343343343344	1.3553234592928222e-16
10351.351351351352	1.3486650099784463e-16
10359.35935935936	1.3461963985173997e-16
10367.36736736737	1.3465817056262227e-16
10375.375375375377	1.3514849489454698e-16
10383.383383383385	1.3570681283863954e-16
10391.391391391393	1.3565813141633895e-16
10399.3993993994	1.3498472184025003e-16
10407.407407407409	1.3421534485172616e-16
10415.415415415417	1.3390207596787656e-16
10423.423423423425	1.3400327102336252e-16
10431.431431431432	1.3418254767660365e-16
10439.43943943944	1.3445902386793456e-16
10447.447447447448	1.3471148988094642e-16
10455.455455455456	1.3489155434186091e-16
10463.463463463464	1.3482252471895302e-16
10471.471471471472	1.3459244576481183e-16
10479.47947947948	1.3416182308424578e-16
10487.487487487488	1.333529328983924e-16
10495.495495495496	1.3260400202805752e-16
10503.503503503503	1.3248008940471956e-16
10511.511511511511	1.3318644236951232e-16
10519.51951951952	1.339068366965358e-16
10527.527527527527	1.3383303068374006e-16
10535.535535535535	1.3317169909010793e-16
10543.543543543543	1.327573508701213e-16
10551.551551551553	1.3328620815628007e-16
10559.55955955956	1.3448790662531963e-16
10567.567567567568	1.3523212622273743e-16
10575.575575575576	1.3500654928207727e-16
10583.583583583584	1.3442078265504936e-16
10591.591591591592	1.3436963123649497e-16
10599.5995995996	1.3521457907690317e-16
10607.607607607608	1.364763147664246e-16
10615.615615615618	1.3714439465508762e-16
10623.623623623625	1.37355347644013e-16
10631.631631631633	1.372849880973041e-16
10639.639639639641	1.3658943595591297e-16
10647.64764764765	1.35633902028322e-16
10655.655655655657	1.3471544476466024e-16
10663.663663663665	1.3465846662053715e-16
10671.671671671673	1.350985568608957e-16
10679.67967967968	1.352676456814887e-16
10687.687687687689	1.3478015657470263e-16
10695.695695695696	1.341431957168133e-16
10703.703703703704	1.3377371663625043e-16
10711.711711711712	1.3404342563194642e-16
10719.71971971972	1.3461748800555558e-16
10727.727727727728	1.3520707406494265e-16
10735.735735735736	1.3606782049519218e-16
10743.743743743744	1.366462565838431e-16
10751.751751751752	1.3658359519059928e-16
10759.75975975976	1.3601908224722203e-16
10767.767767767768	1.3545126071750864e-16
10775.775775775775	1.3542085220044e-16
10783.783783783783	1.3568595349586948e-16
10791.791791791791	1.3566555321146804e-16
10799.7997997998	1.3494844525734084e-16
10807.807807807809	1.3404399333665372e-16
10815.815815815817	1.3337980160359763e-16
10823.823823823825	1.3325779526542635e-16
10831.831831831832	1.3338325228710016e-16
10839.83983983984	1.337564067272945e-16
10847.847847847848	1.3442104979338415e-16
10855.855855855856	1.3496186425403399e-16
10863.863863863866	1.3471500034014838e-16
10871.871871871874	1.3382627921508015e-16
10879.879879879882	1.329625610338538e-16
10887.88788788789	1.3220693238267488e-16
10895.895895895897	1.3166120662069068e-16
10903.903903903905	1.3119150056490383e-16
10911.911911911913	1.3103044569369968e-16
10919.919919919921	1.3098590240441257e-16
10927.927927927929	1.310544466783899e-16
10935.935935935937	1.3128781841918064e-16
10943.943943943945	1.3145394655808346e-16
10951.951951951953	1.31215778751947e-16
10959.95995995996	1.306008870892274e-16
10967.967967967968	1.3012580155194763e-16
10975.975975975976	1.3055734154828875e-16
10983.983983983984	1.3176695508478583e-16
10991.991991991992	1.3288086137065652e-16
11000.0	1.3307335785829401e-16
